stage,name,jobs,parallel,gate,owner,unblocks,wasted_if
S0,선행검증 (작은 잡 3개),3,yes,없음 -- 이것이 첫 관문이다,a2,S2 이후 전부,없음. 이 셋을 건너뛰면 그 뒤 15잡이 통째로 위험해진다
S1,RVE — 유효물성과 보정 (M6 · 전도),,no,카드 적법성 판정 완료 (a1) + k(T) 형상 배선 (a1-0031),a2 실행 / a1 판정,거시 카드 전체,거시 카드가 확정되기 전에 S2~S4를 돌리면 전량 재실행이다
S2,거시 열전달,3,yes,S0 통과 + S1의 열물성 카드 확정,a2,S3 · S4 전부,k(T) 형상이 바뀌면 전량 재실행 -- 그래서 a1-0031이 S2의 관문이다
S3,거시 역학 (CONFIG_P) — 기여 C1,9,yes,S2 완료. **보정 수렴은 관문이 아니다**,a2,C1 · C2 · C3 정성 답,세 TRS 케이스가 서로 다른 카드를 쓰면 비교가 무효가 된다
S4,대조군 (CONFIG_V · H_clo off),3,yes,S3의 대응 잡 완료,a2,C1의 강건성 · C3의 부호 분리,대응 S3 잡과 카드가 한 글자라도 다르면 대조가 아니다
S5,잔여강도 (restart),,no,부모 역학 잡 완료 + 그 잡이 restart를 남겼는가,a2,T1·T2 절대 표적,부모 잡이 restart를 안 남겼으면 사이클 0부터 다시다

claim,needs_converged_calibration,why
C1  TRS 3케이스가 예측을 얼마나 가르나,no,세 케이스가 같은 카드를 공유하는 비교이므로 카드의 계통오차가 순위에서 상쇄된다. 차이의 **크기**를 절대값으로 인용할 때만 보정이 필요하다
C2  균일 온도 가정이 어디서 깨지나,no,Bi 사다리는 h를 정의상 훑는다. kbar_3의 크기가 바뀌면 h가 따라 바뀌므로 Bi는 정확한 채로 남는다 (제5장 §5.4.2)
C3  반사이클 비대칭의 부호,no,H_clo on/off 대조의 **부호**는 카드 크기와 무관하다. 크기는 아니다
C4  파손기준 셋의 순위,no,세 기준이 같은 응력장을 읽고 하중 배수로 정규화된다 (제5장 §5.2.4)
T1-T6 절대 검증 표적,yes,문헌의 잔존율·PLS와 **수치를 맞대는** 것이므로 보정 없이는 무의미하다
k 부호 분리의 1300 °C 외삽,yes,[3]로 보정한 k를 외삽하는 것이므로 그 보정이 선행이다
