eps_xx,sigma_xx_MPa,time,U1_raw
0.00000000e+00,-1.18234355e-05,0.000000,1.41137003e-04
2.32944149e-06,1.08633955e+00,0.000500,1.43466445e-04
4.65886842e-06,1.51410646e+00,0.001000,1.45795872e-04
6.98829535e-06,2.05636728e+00,0.001500,1.48125298e-04
9.31773684e-06,2.60774976e+00,0.002000,1.50454740e-04
1.28118845e-05,3.45153251e+00,0.002750,1.53948888e-04
1.80531060e-05,4.74257507e+00,0.003875,1.59190109e-04
2.59149383e-05,6.69828017e+00,0.005563,1.67051941e-04
3.75620875e-05,9.58154592e+00,0.008062,1.78699091e-04
4.92092513e-05,1.24388293e+01,0.010562,1.90346254e-04
6.08564005e-05,1.52708861e+01,0.013063,2.01993404e-04
7.25035643e-05,1.80808502e+01,0.015562,2.13640567e-04
8.41507135e-05,2.08688150e+01,0.018063,2.25287717e-04
9.57978773e-05,2.36328640e+01,0.020562,2.36934880e-04
1.07445041e-04,2.63750185e+01,0.023062,2.48582044e-04
1.19092190e-04,2.90788732e+01,0.025563,2.60229193e-04
1.30739340e-04,3.17054091e+01,0.028063,2.71876343e-04
1.42386518e-04,3.43653219e+01,0.030562,2.83523521e-04
1.54033667e-04,3.70131691e+01,0.033062,2.95170670e-04
1.65680816e-04,3.96423520e+01,0.035563,3.06817819e-04
1.77327966e-04,4.22535781e+01,0.038063,3.18464969e-04
1.88975144e-04,4.48479573e+01,0.040562,3.30112147e-04
2.00622293e-04,4.74267295e+01,0.043063,3.41759296e-04
2.12269442e-04,4.99908460e+01,0.045562,3.53406445e-04
2.23916621e-04,5.25413852e+01,0.048062,3.65053624e-04
2.35563770e-04,5.50790945e+01,0.050563,3.76700773e-04
2.47210919e-04,5.76048913e+01,0.053062,3.88347922e-04
2.58858068e-04,6.01195285e+01,0.055562,3.99995071e-04
2.70505247e-04,6.26234817e+01,0.058063,4.11642250e-04
2.82152396e-04,6.51174699e+01,0.060562,4.23289399e-04
2.93799545e-04,6.76015895e+01,0.063062,4.34936548e-04
3.05446723e-04,7.00761972e+01,0.065563,4.46583726e-04
3.17093873e-04,7.25415080e+01,0.068062,4.58230876e-04
3.28741022e-04,7.49976805e+01,0.070562,4.69878025e-04
3.40388171e-04,7.74449808e+01,0.073063,4.81525174e-04
3.52035320e-04,7.98835052e+01,0.075562,4.93172323e-04
3.63682499e-04,8.23132424e+01,0.078062,5.04819502e-04
3.75329677e-04,8.47342149e+01,0.080563,5.16466680e-04
3.86976797e-04,8.71460379e+01,0.083062,5.28113800e-04
3.98623975e-04,8.95486716e+01,0.085562,5.39760978e-04
4.10271154e-04,9.19421613e+01,0.088063,5.51408157e-04
4.21918274e-04,9.43265977e+01,0.090563,5.63055277e-04
4.33565452e-04,9.67019977e+01,0.093062,5.74702455e-04
4.45212572e-04,9.90682708e+01,0.095563,5.86349575e-04
4.56859751e-04,1.01425247e+02,0.098063,5.97996754e-04
4.68506929e-04,1.03772870e+02,0.100562,6.09643932e-04
4.80154049e-04,1.06110879e+02,0.103063,6.21291052e-04
4.91801227e-04,1.08438662e+02,0.105563,6.32938230e-04
5.03448406e-04,1.10756085e+02,0.108062,6.44585409e-04
5.15095526e-04,1.13062919e+02,0.110563,6.56232529e-04
5.26742704e-04,1.15358396e+02,0.113063,6.67879707e-04
5.38389882e-04,1.17641734e+02,0.115562,6.79526886e-04
5.50037003e-04,1.19912389e+02,0.118063,6.91174006e-04
5.61684181e-04,1.22171573e+02,0.120563,7.02821184e-04
5.73331359e-04,1.24417701e+02,0.123062,7.14468362e-04
5.84978479e-04,1.26652448e+02,0.125563,7.26115482e-04
5.96625658e-04,1.28874750e+02,0.128063,7.37762661e-04
6.08272778e-04,1.31085050e+02,0.130562,7.49409781e-04
6.19919956e-04,1.33282474e+02,0.133062,7.61056959e-04
6.31567134e-04,1.35465404e+02,0.135562,7.72704137e-04
6.43214255e-04,1.37632469e+02,0.138063,7.84351258e-04
6.54861433e-04,1.39784156e+02,0.140563,7.95998436e-04
6.66508611e-04,1.41920466e+02,0.143063,8.07645614e-04
6.78155731e-04,1.44040187e+02,0.145562,8.19292734e-04
6.89802910e-04,1.46144110e+02,0.148062,8.30939913e-04
7.01450088e-04,1.48231649e+02,0.150562,8.42587091e-04
7.13097208e-04,1.50303198e+02,0.153062,8.54234211e-04
7.24744386e-04,1.52355802e+02,0.155563,8.65881389e-04
7.36391565e-04,1.54386790e+02,0.158063,8.77528568e-04
7.48038685e-04,1.56392219e+02,0.160563,8.89175688e-04
7.59685863e-04,1.58370789e+02,0.163062,9.00822866e-04
7.71332983e-04,1.60325148e+02,0.165562,9.12469986e-04
7.82980162e-04,1.62261140e+02,0.168062,9.24117165e-04
7.94627340e-04,1.64182774e+02,0.170563,9.35764343e-04
8.06274460e-04,1.66088226e+02,0.173063,9.47411463e-04
8.17921638e-04,1.67979580e+02,0.175563,9.59058641e-04
8.26657037e-04,1.69389956e+02,0.177437,9.67794040e-04
8.35392377e-04,1.70794637e+02,0.179312,9.76529380e-04
8.44127775e-04,1.72194980e+02,0.181187,9.85264778e-04
8.52863115e-04,1.73588575e+02,0.183062,9.94000118e-04
8.64510235e-04,1.75436049e+02,0.185563,1.00564724e-03
8.76157472e-04,1.77273185e+02,0.188063,1.01729447e-03
8.87804592e-04,1.79104602e+02,0.190563,1.02894159e-03
8.99451712e-04,1.80928828e+02,0.193062,1.04058872e-03
9.11098949e-04,1.82747155e+02,0.195562,1.05223595e-03
9.22746069e-04,1.84556853e+02,0.198062,1.06388307e-03
9.31481409e-04,1.85910463e+02,0.199937,1.07261841e-03
9.40216749e-04,1.87259624e+02,0.201813,1.08135375e-03
9.48952205e-04,1.88602250e+02,0.203688,1.09008921e-03
9.57687545e-04,1.89936972e+02,0.205563,1.09882455e-03
9.66422886e-04,1.91263122e+02,0.207438,1.10755989e-03
9.75158226e-04,1.92575072e+02,0.209312,1.11629523e-03
9.83893682e-04,1.93869584e+02,0.211187,1.12503069e-03
9.92629022e-04,1.95145321e+02,0.213062,1.13376603e-03
9.99180527e-04,1.96091830e+02,0.214469,1.14031753e-03
1.00573203e-03,1.97026041e+02,0.215875,1.14686904e-03
1.01555935e-03,1.98401427e+02,0.217984,1.15669635e-03
1.02720647e-03,1.99999552e+02,0.220484,1.16834347e-03
1.03885370e-03,2.01575867e+02,0.222984,1.17999071e-03
1.05050082e-03,2.03122491e+02,0.225484,1.19163783e-03
1.06214795e-03,2.04651903e+02,0.227984,1.20328495e-03
1.07379518e-03,2.06158237e+02,0.230484,1.21493218e-03
1.08544230e-03,2.07641924e+02,0.232984,1.22657930e-03
1.09708942e-03,2.09103189e+02,0.235484,1.23822642e-03
1.10873666e-03,2.10540380e+02,0.237984,1.24987366e-03
1.12038378e-03,2.11953497e+02,0.240484,1.26152078e-03
1.13203090e-03,2.13338622e+02,0.242984,1.27316790e-03
1.14367802e-03,2.14699830e+02,0.245484,1.28481502e-03
1.15532526e-03,2.16029944e+02,0.247984,1.29646226e-03
1.16697238e-03,2.17331023e+02,0.250484,1.30810938e-03
1.17861950e-03,2.18602117e+02,0.252984,1.31975650e-03
1.19026673e-03,2.19842908e+02,0.255484,1.33140374e-03
1.20191385e-03,2.21049570e+02,0.257984,1.34305086e-03
1.21356097e-03,2.22228760e+02,0.260484,1.35469798e-03
1.22520821e-03,2.23379550e+02,0.262984,1.36634521e-03
1.23685533e-03,2.24503979e+02,0.265484,1.37799233e-03
1.24850245e-03,2.25602974e+02,0.267984,1.38963945e-03
1.26014969e-03,2.26679027e+02,0.270484,1.40128669e-03
1.27179681e-03,2.27733248e+02,0.272984,1.41293381e-03
1.28344393e-03,2.28766996e+02,0.275484,1.42458093e-03
1.29509116e-03,2.29781901e+02,0.277984,1.43622817e-03
1.30673828e-03,2.30779458e+02,0.280484,1.44787529e-03
1.31838540e-03,2.31758194e+02,0.282984,1.45952241e-03
1.33003264e-03,2.32720443e+02,0.285484,1.47116964e-03
1.34167976e-03,2.33667406e+02,0.287984,1.48281676e-03
1.35332688e-03,2.34597088e+02,0.290484,1.49446388e-03
1.36497412e-03,2.35512026e+02,0.292984,1.50611112e-03
1.37662124e-03,2.36413874e+02,0.295484,1.51775824e-03
1.38826836e-03,2.37300254e+02,0.297984,1.52940536e-03
1.39991559e-03,2.38173091e+02,0.300484,1.54105260e-03
1.41156271e-03,2.39032203e+02,0.302984,1.55269972e-03
1.42320983e-03,2.39878248e+02,0.305484,1.56434684e-03
1.43485707e-03,2.40712856e+02,0.307984,1.57599407e-03
1.44650419e-03,2.41535143e+02,0.310484,1.58764119e-03
1.45815131e-03,2.42347805e+02,0.312984,1.59928831e-03
1.46979843e-03,2.43149416e+02,0.315484,1.61093543e-03
1.48144567e-03,2.43941763e+02,0.317984,1.62258267e-03
1.49309279e-03,2.44724847e+02,0.320484,1.63422979e-03
1.50473991e-03,2.45499552e+02,0.322984,1.64587691e-03
1.51638714e-03,2.46265742e+02,0.325484,1.65752415e-03
1.52803426e-03,2.47024050e+02,0.327984,1.66917127e-03
1.53968138e-03,2.47774159e+02,0.330484,1.68081839e-03
1.55132862e-03,2.48515957e+02,0.332984,1.69246562e-03
1.56297574e-03,2.49250938e+02,0.335484,1.70411274e-03
1.57462286e-03,2.49978559e+02,0.337984,1.71575986e-03
1.58627010e-03,2.50699589e+02,0.340484,1.72740710e-03
1.59791722e-03,2.51413349e+02,0.342984,1.73905422e-03
1.60956434e-03,2.52120859e+02,0.345484,1.75070134e-03
1.62121157e-03,2.52821212e+02,0.347984,1.76234858e-03
1.63285869e-03,2.53515971e+02,0.350484,1.77399570e-03
1.64450581e-03,2.54204230e+02,0.352984,1.78564282e-03
1.65615305e-03,2.54886986e+02,0.355484,1.79729005e-03
1.66780017e-03,2.55563355e+02,0.357984,1.80893717e-03
1.67944729e-03,2.56234606e+02,0.360484,1.82058429e-03
1.69109453e-03,2.56899787e+02,0.362984,1.83223153e-03
1.70274165e-03,2.57560099e+02,0.365484,1.84387865e-03
1.71438877e-03,2.58214546e+02,0.367984,1.85552577e-03
1.72603600e-03,2.58864689e+02,0.370484,1.86717301e-03
1.73768312e-03,2.59509171e+02,0.372984,1.87882013e-03
1.74933024e-03,2.60148103e+02,0.375484,1.89046725e-03
1.76097736e-03,2.60784409e+02,0.377984,1.90211437e-03
1.77262460e-03,2.61417567e+02,0.380484,1.91376160e-03
1.78427172e-03,2.62044564e+02,0.382984,1.92540872e-03
1.79591884e-03,2.62666625e+02,0.385484,1.93705584e-03
1.80756608e-03,2.63285514e+02,0.387984,1.94870308e-03
1.81921320e-03,2.63899693e+02,0.390484,1.96035020e-03
1.83086032e-03,2.64510317e+02,0.392984,1.97199732e-03
1.84250744e-03,2.65116297e+02,0.395484,1.98364444e-03
1.85415479e-03,2.65719220e+02,0.397984,1.99529179e-03
1.86580191e-03,2.66317999e+02,0.400484,2.00693891e-03
1.87744903e-03,2.66913652e+02,0.402984,2.01858603e-03
1.88909615e-03,2.67506180e+02,0.405484,2.03023315e-03
1.90074327e-03,2.68095289e+02,0.407984,2.04188027e-03
1.91239039e-03,2.68680501e+02,0.410484,2.05352739e-03
1.92403751e-03,2.69263110e+02,0.412984,2.06517451e-03
1.93568486e-03,2.69841958e+02,0.415484,2.07682187e-03
1.94733198e-03,2.70418384e+02,0.417984,2.08846899e-03
1.95897910e-03,2.70991095e+02,0.420484,2.10011611e-03
1.97062622e-03,2.71561429e+02,0.422984,2.11176323e-03
1.98227334e-03,2.72128229e+02,0.425484,2.12341035e-03
1.99392046e-03,2.72692651e+02,0.427984,2.13505747e-03
2.00556782e-03,2.73253654e+02,0.430484,2.14670482e-03
2.01721494e-03,2.73812392e+02,0.432984,2.15835194e-03
2.02886206e-03,2.74367732e+02,0.435484,2.16999906e-03
2.04050918e-03,2.74921216e+02,0.437984,2.18164618e-03
2.05215630e-03,2.75472276e+02,0.440484,2.19329330e-03
2.06380342e-03,2.76020868e+02,0.442984,2.20494042e-03
2.07545077e-03,2.76567127e+02,0.445484,2.21658777e-03
2.08709789e-03,2.77111348e+02,0.447984,2.22823489e-03
2.09874501e-03,2.77654413e+02,0.450484,2.23988201e-03
2.11039213e-03,2.78194807e+02,0.452984,2.25152913e-03
2.12203925e-03,2.78735019e+02,0.455484,2.26317625e-03
2.13368637e-03,2.79273940e+02,0.457984,2.27482338e-03
2.14533372e-03,2.79811706e+02,0.460484,2.28647073e-03
2.15698085e-03,2.80348227e+02,0.462984,2.29811785e-03
2.16862797e-03,2.80883456e+02,0.465484,2.30976497e-03
2.18027509e-03,2.81417372e+02,0.467984,2.32141209e-03
2.19192221e-03,2.81950224e+02,0.470484,2.33305921e-03
2.20356933e-03,2.82482238e+02,0.472984,2.34470633e-03
2.21521668e-03,2.83013708e+02,0.475484,2.35635368e-03
2.22686380e-03,2.83544838e+02,0.477984,2.36800080e-03
2.23851092e-03,2.84075765e+02,0.480484,2.37964792e-03
2.25015804e-03,2.84606510e+02,0.482984,2.39129504e-03
2.26180516e-03,2.85137233e+02,0.485484,2.40294216e-03
2.27345228e-03,2.85667752e+02,0.487984,2.41458928e-03
2.28509940e-03,2.86198452e+02,0.490484,2.42623640e-03
2.29674675e-03,2.86729130e+02,0.492984,2.43788376e-03
2.30839387e-03,2.87260192e+02,0.495484,2.44953088e-03
2.32004099e-03,2.87791368e+02,0.497984,2.46117800e-03
2.33168811e-03,2.88322589e+02,0.500484,2.47282512e-03
2.34333523e-03,2.88853946e+02,0.502984,2.48447224e-03
2.35498235e-03,2.89385371e+02,0.505484,2.49611936e-03
2.36662971e-03,2.89916886e+02,0.507984,2.50776671e-03
2.37827683e-03,2.90448583e+02,0.510484,2.51941383e-03
2.38992395e-03,2.90980461e+02,0.512984,2.53106095e-03
2.40157107e-03,2.91512542e+02,0.515484,2.54270807e-03
2.41321819e-03,2.92044828e+02,0.517984,2.55435519e-03
2.42486531e-03,2.92577317e+02,0.520484,2.56600231e-03
2.43651266e-03,2.93109919e+02,0.522984,2.57764966e-03
2.44815978e-03,2.93642590e+02,0.525484,2.58929678e-03
2.45980690e-03,2.94175464e+02,0.527984,2.60094390e-03
2.47145402e-03,2.94708520e+02,0.530484,2.61259102e-03
2.48310114e-03,2.95241688e+02,0.532984,2.62423814e-03
2.49474826e-03,2.95774902e+02,0.535484,2.63588526e-03
2.50639561e-03,2.96308139e+02,0.537984,2.64753262e-03
2.51804273e-03,2.96841444e+02,0.540484,2.65917974e-03
2.52968985e-03,2.97374726e+02,0.542984,2.67082686e-03
2.54133697e-03,2.97908030e+02,0.545484,2.68247398e-03
2.54424875e-03,2.98041062e+02,0.546109,2.68538576e-03
2.54861642e-03,2.98240496e+02,0.547047,2.68975343e-03
2.55516804e-03,2.98539648e+02,0.548453,2.69630505e-03
2.56499536e-03,2.98988726e+02,0.550563,2.70613236e-03
2.57664248e-03,2.99521736e+02,0.553062,2.71777948e-03
2.58828960e-03,3.00054656e+02,0.555562,2.72942660e-03
2.59993672e-03,3.00586194e+02,0.558062,2.74107372e-03
2.61158384e-03,3.01117098e+02,0.560562,2.75272084e-03
2.62323096e-03,3.01647594e+02,0.563062,2.76436796e-03
2.63487831e-03,3.02177842e+02,0.565562,2.77601532e-03
2.64652543e-03,3.02707590e+02,0.568062,2.78766244e-03
2.65817255e-03,3.03236954e+02,0.570562,2.79930956e-03
2.66981967e-03,3.03765911e+02,0.573062,2.81095668e-03
2.68146679e-03,3.04294414e+02,0.575562,2.82260380e-03
2.69311391e-03,3.04820766e+02,0.578062,2.83425092e-03
2.70476127e-03,3.05343471e+02,0.580562,2.84589827e-03
2.71640839e-03,3.05864252e+02,0.583063,2.85754539e-03
2.71932017e-03,3.05993637e+02,0.583687,2.86045717e-03
2.72368784e-03,3.06187455e+02,0.584625,2.86482484e-03
2.73023923e-03,3.06478612e+02,0.586031,2.87137623e-03
2.74006654e-03,3.06916321e+02,0.588141,2.88120355e-03
2.75171366e-03,3.07434475e+02,0.590641,2.89285067e-03
2.76336102e-03,3.07946377e+02,0.593141,2.90449802e-03
2.77500814e-03,3.08457283e+02,0.595641,2.91614514e-03
2.78665526e-03,3.08964928e+02,0.598141,2.92779226e-03
2.79830238e-03,3.09469810e+02,0.600641,2.93943938e-03
2.80994950e-03,3.09972835e+02,0.603141,2.95108650e-03
2.82159662e-03,3.10473006e+02,0.605641,2.96273362e-03
2.83324397e-03,3.10971479e+02,0.608141,2.97438097e-03
2.84489109e-03,3.11464290e+02,0.610641,2.98602809e-03
2.85653821e-03,3.11950850e+02,0.613141,2.99767521e-03
2.85944999e-03,3.12071652e+02,0.613766,3.00058699e-03
2.86381766e-03,3.12252561e+02,0.614703,3.00495466e-03
2.87036928e-03,3.12521138e+02,0.616109,3.01150628e-03
2.88019636e-03,3.12922702e+02,0.618219,3.02133337e-03
2.89184372e-03,3.13394020e+02,0.620719,3.03298072e-03
2.90349084e-03,3.13857004e+02,0.623219,3.04462784e-03
2.91513796e-03,3.14315843e+02,0.625719,3.05627496e-03
2.92678508e-03,3.14771716e+02,0.628219,3.06792208e-03
2.93843220e-03,3.15218326e+02,0.630719,3.07956920e-03
2.95007932e-03,3.15663169e+02,0.633219,3.09121632e-03
2.96172667e-03,3.16099406e+02,0.635719,3.10286367e-03
2.97337379e-03,3.16532224e+02,0.638219,3.11451079e-03
2.98502091e-03,3.16959470e+02,0.640719,3.12615791e-03
2.99666803e-03,3.17375007e+02,0.643219,3.13780503e-03
3.00831515e-03,3.17781802e+02,0.645719,3.14945215e-03
3.01996227e-03,3.18184317e+02,0.648219,3.16109927e-03
3.03160962e-03,3.18578204e+02,0.650719,3.17274663e-03
3.04325674e-03,3.18966179e+02,0.653219,3.18439375e-03
3.04616852e-03,3.19061049e+02,0.653844,3.18730553e-03
3.05053619e-03,3.19202098e+02,0.654781,3.19167320e-03
3.05708758e-03,3.19412426e+02,0.656187,3.19822459e-03
3.05954441e-03,3.19490062e+02,0.656715,3.20068141e-03
3.06322965e-03,3.19606493e+02,0.657506,3.20436666e-03
3.06875752e-03,3.19780630e+02,0.658692,3.20989452e-03
3.07704932e-03,3.20039582e+02,0.660472,3.21818632e-03
3.08869644e-03,3.20392001e+02,0.662972,3.22983344e-03
3.10034356e-03,3.20733707e+02,0.665472,3.24148056e-03
3.11199091e-03,3.21065743e+02,0.667972,3.25312791e-03
3.11490269e-03,3.21147093e+02,0.668597,3.25603969e-03
3.11927036e-03,3.21268235e+02,0.669535,3.26040736e-03
3.12582175e-03,3.21446879e+02,0.670941,3.26695875e-03
3.13564907e-03,3.21709137e+02,0.673050,3.27678607e-03
3.14729619e-03,3.22010984e+02,0.675550,3.28843319e-03
3.15894331e-03,3.22302050e+02,0.678050,3.30008031e-03
3.17059066e-03,3.22581068e+02,0.680550,3.31172766e-03
3.18223778e-03,3.22846294e+02,0.683050,3.32337478e-03
3.19388490e-03,3.23099040e+02,0.685550,3.33502190e-03
3.20553202e-03,3.23340101e+02,0.688050,3.34666902e-03
3.21717914e-03,3.23567958e+02,0.690550,3.35831614e-03
3.22009092e-03,3.24280699e+02,0.691175,3.36122792e-03
3.22300270e-03,3.24558290e+02,0.691800,3.36413970e-03
3.22591448e-03,3.24726358e+02,0.692425,3.36705148e-03
3.22882626e-03,3.24849492e+02,0.693050,3.36996326e-03
3.23319416e-03,3.24991447e+02,0.693988,3.37433117e-03
3.23974555e-03,3.25168596e+02,0.695394,3.38088255e-03
3.24957287e-03,3.25397133e+02,0.697503,3.39070987e-03
3.25940018e-03,3.25601935e+02,0.699613,3.40053719e-03
3.26922750e-03,3.25790929e+02,0.701722,3.41036450e-03
3.27905481e-03,3.25964092e+02,0.703832,3.42019182e-03
3.28888213e-03,3.26122715e+02,0.705941,3.43001913e-03
3.29870921e-03,3.26268475e+02,0.708050,3.43984622e-03
3.30853653e-03,3.26403907e+02,0.710160,3.44967353e-03
3.31836384e-03,3.26522399e+02,0.712269,3.45950085e-03
3.31836384e-03,3.26703172e+02,0.712269,3.45950085e-03
